Variant,eyes Name,eyes Material,eyes Tickets,eyes: Total Tickets,eyes Odds (% chance),head Name,head Material,head Tickets,head: Total Tickets,head Odds (% chance),ears Name,ears Material,ears Tickets,ears: Total Tickets,ears Odds (% chance),mouth Name,mouth Material,mouth Tickets,mouth: Total Tickets,mouth Odds (% chance),back Name,back Material,back Tickets,back: Total Tickets,back Odds (% chance),weapon Name,weapon Material,weapon Tickets,weapon: Total Tickets,weapon Odds (% chance),neck Name,neck Material,neck Tickets,neck: Total Tickets,neck Odds (% chance),earring Name,earring Material,earring Tickets,earring: Total Tickets,earring Odds (% chance),ropa Name,ropa Material,ropa Tickets,ropa: Total Tickets,ropa Odds (% chance),body Name,body Material,body Tickets,body: Total Tickets,body Odds (% chance),fondos Name,fondos Material,fondos Tickets,fondos: Total Tickets,fondos Odds (% chance)
Variant 1,rmpty eyes Variant 1,No Material,1,9,11,lm0_Cube.004 Variant 1,Material.050,1,8,12,lm0_Cylinder.001 Variant 1,Material.022,1,7,14,lm0_MATLIB_sCUBA.002 Variant 1,Material.002,1,6,17,lm0_straps.001 Variant 1,Material.032,1,3,33,caña Variant 1,Material.042,1,2,50,lm0_pendant Variant 1,Material.034,1,1,100,lm0_ear_ring Variant 1,Material.035,1,1,100,cloth_parent Variant 1,Material.033,1,3,33,lip tat Variant 1,Material.044,1,7,14,verde Variant 1,Material.015,1,6,17
Variant 2,rmpty eyes Variant 2,No Material,1,9,11,empty head Variant 2,No Material,1,8,12,lm0_headphone support.001 Variant 2,Material.032,1,7,14,lm0_Plane.003 Variant 2,Material.032,1,6,17,lm0_straps.001 Variant 2,Material.032,1,3,33,stick Variant 2,No Material,1,2,50,lm0_pendant Variant 2,Material.032,1,1,100,lm0_ear_ring Variant 2,Material.032,1,1,100,cloth_parent Variant 2,Material.033,1,3,33,lip tat Variant 2,Material.044,1,7,14,amarillo Variant 2,Material.016,1,6,17
Variant 3,lm0_Cylinder.006 Variant 3,Material.053,1,9,11,spikes.001 Variant 3,Material.052,1,8,12,lm0_headphone support.001 Variant 3,Material.053,1,7,14,empty mouth Variant 3,No Material,1,6,17,lm0_straps.002 Variant 3,Material.053,1,3,33,caña Variant 3,Material.042,1,2,50,lm0_pendant Variant 3,Material.053,1,1,100,lm0_ear_ring Variant 3,Material.053,1,1,100,cloth_parent.001 Variant 3,Material.033,1,3,33,lm0_Child_Body.003 Variant 3,Material.053,1,7,14,blanco Variant 3,Material.010,1,6,17
Variant 4,rmpty eyes Variant 4,No Material,1,9,11,lm0_Cube.002 Variant 4,Material.034,1,8,12,lm0_Cylinder.005 Variant 4,Material.034,1,7,14,empty mouth Variant 4,No Material,1,6,17,lm0_straps Variant 4,Material.034,1,3,33,caña Variant 4,Material.042,1,2,50,lm0_pendant Variant 4,Material.034,1,1,100,lm0_ear_ring Variant 4,Material.034,1,1,100,ropa empty Variant 4,No Material,1,3,33,lm0_Child_Body.002 Variant 4,Material.034,1,7,14,blanco Variant 4,Material.010,1,6,17
Variant 5,lm0_Cylinder.006 Variant 5,Material.029,1,9,11,lm0_Cube.004 Variant 5,Material.050,1,8,12,lm0_Cylinder.002 Variant 5,Material.021,1,7,14,lm0_MATLIB_sCUBA.002 Variant 5,Material.002,1,6,17,lm0_straps.001 Variant 5,Material.032,1,3,33,stick Variant 5,No Material,1,2,50,lm0_pendant Variant 5,Material.034,1,1,100,lm0_ear_ring Variant 5,Material.035,1,1,100,cloth_parent.001 Variant 5,Material.033,1,3,33,lip tat.001 Variant 5,Material.044,1,7,14,azul Variant 5,Material.014,1,6,17
Variant 6,lm0_Plane.002 Variant 6,Material.021,1,9,11,lm0_Cube.002 Variant 6,Material.021,1,8,12,lm0_Cylinder.002 Variant 6,Material.021,1,7,14,lm0_Plane.003 Variant 6,Material.021,1,6,17,lm0_straps.002 Variant 6,Material.021,1,3,33,stick Variant 6,No Material,1,2,50,lm0_pendant Variant 6,Material.021,1,1,100,lm0_ear_ring Variant 6,Material.021,1,1,100,ropa empty Variant 6,No Material,1,3,33,lm0_Child_Body.001 Variant 6,Material.021,1,7,14,blanco Variant 6,Material.010,1,6,17
Variant 7,goggles.001 Variant 7,Material.043,1,9,11,lm0_Cube.004 Variant 7,Material.034,1,8,12,empty ear Variant 7,No Material,1,7,14,empty mouth Variant 7,No Material,1,6,17,lm0_straps.002 Variant 7,Material.034,1,3,33,caña Variant 7,Material.042,1,2,50,lm0_pendant Variant 7,Material.034,1,1,100,lm0_ear_ring Variant 7,Material.034,1,1,100,cloth_parent Variant 7,Material.033,1,3,33,lip tat.001 Variant 7,Material.044,1,7,14,blanco Variant 7,Material.010,1,6,17
Variant 8,lm0_Cube.003 Variant 8,Material.028,1,9,11,lm0_Cube.005 Variant 8,Material.025,1,8,12,empty ear Variant 8,No Material,1,7,14,lm0_MATLIB_sCUBA Variant 8,Material.002,1,6,17,lm0_straps.002 Variant 8,Material.053,1,3,33,caña Variant 8,Material.042,1,2,50,lm0_pendant Variant 8,Material.034,1,1,100,lm0_ear_ring Variant 8,Material.035,1,1,100,cloth_parent Variant 8,Material.033,1,3,33,lm0_Child_Body.001 Variant 8,Material.044,1,7,14,verde Variant 8,Material.015,1,6,17
Variant 9,lm0_Plane.002 Variant 9,Material.034,1,9,11,lm0_Cube.002 Variant 9,Material.034,1,8,12,lm0_Cylinder.002 Variant 9,Material.034,1,7,14,lm0_Plane.003 Variant 9,Material.034,1,6,17,lm0_straps.002 Variant 9,Material.034,1,3,33,stick Variant 9,No Material,1,2,50,lm0_pendant Variant 9,Material.034,1,1,100,lm0_ear_ring Variant 9,Material.034,1,1,100,cloth_parent Variant 9,Material.033,1,3,33,no tattoo Variant 9,Material.044,1,7,14,blanco Variant 9,Material.010,1,6,17
Variant 10,lm0_Cube.003 Variant 10,Material.028,1,9,11,lm0_head piece Variant 10,Material.027,1,8,12,lm0_headphone support Variant 10,Material.041,1,7,14,lm0_MATLIB_sCUBA.002 Variant 10,Material.002,1,6,17,lm0_straps.002 Variant 10,Material.053,1,3,33,caña Variant 10,Material.042,1,2,50,lm0_pendant Variant 10,Material.034,1,1,100,lm0_ear_ring Variant 10,Material.035,1,1,100,ropa empty Variant 10,No Material,1,3,33,lip tat Variant 10,Material.044,1,7,14,negro Variant 10,Material.017,1,6,17
Variant 11,lm0_Plane.005 Variant 11,Material.034,1,9,11,spikes Variant 11,Material.027,1,8,12,lm0_headphone support.001 Variant 11,Material.034,1,7,14,empty mouth Variant 11,No Material,1,6,17,lm0_straps.001 Variant 11,Material.034,1,3,33,caña Variant 11,Material.042,1,2,50,lm0_pendant Variant 11,Material.034,1,1,100,lm0_ear_ring Variant 11,Material.034,1,1,100,cloth_parent.001 Variant 11,Material.033,1,3,33,lm0_Child_Body.001 Variant 11,Material.034,1,7,14,negro Variant 11,Material.017,1,6,17
Variant 12,lm0_Cube.003 Variant 12,Material.028,1,9,11,empty head Variant 12,No Material,1,8,12,lm0_Cylinder.001 Variant 12,Material.022,1,7,14,lm0_MATLIB_sCUBA Variant 12,Material.002,1,6,17,lm0_straps.001 Variant 12,Material.032,1,3,33,stick Variant 12,No Material,1,2,50,lm0_pendant Variant 12,Material.034,1,1,100,lm0_ear_ring Variant 12,Material.035,1,1,100,ropa empty Variant 12,No Material,1,3,33,lip tat Variant 12,Material.044,1,7,14,violeta Variant 12,Material.011,1,6,17
Variant 13,goggles Variant 13,Material.003,1,9,11,spikes.001 Variant 13,Material.052,1,8,12,lm0_Cylinder.005 Variant 13,Material.053,1,7,14,lm0_Plane.003 Variant 13,Material.053,1,6,17,lm0_straps.002 Variant 13,Material.053,1,3,33,stick Variant 13,No Material,1,2,50,lm0_pendant Variant 13,Material.053,1,1,100,lm0_ear_ring Variant 13,Material.053,1,1,100,ropa empty Variant 13,No Material,1,3,33,lip tat.001 Variant 13,Material.044,1,7,14,azul Variant 13,Material.014,1,6,17
Variant 14,goggles Variant 14,Material.003,1,9,11,spikes.001 Variant 14,Material.052,1,8,12,lm0_Cylinder.002 Variant 14,Material.021,1,7,14,empty mouth Variant 14,No Material,1,6,17,lm0_straps Variant 14,Material.021,1,3,33,caña Variant 14,Material.042,1,2,50,lm0_pendant Variant 14,Material.021,1,1,100,lm0_ear_ring Variant 14,Material.021,1,1,100,cloth_parent Variant 14,Material.033,1,3,33,no tattoo pose2 Variant 14,Material.044,1,7,14,azul Variant 14,Material.014,1,6,17
Variant 15,rmpty eyes Variant 15,No Material,1,9,11,lm0_Cube.002 Variant 15,Material.038,1,8,12,lm0_headphone support.001 Variant 15,Material.038,1,7,14,lm0_Plane.001 Variant 15,Material.038,1,6,17,lm0_straps Variant 15,Material.038,1,3,33,caña Variant 15,Material.042,1,2,50,lm0_pendant Variant 15,Material.038,1,1,100,lm0_ear_ring Variant 15,Material.038,1,1,100,ropa empty Variant 15,No Material,1,3,33,lm0_Child_Body.001 Variant 15,Material.038,1,7,14,amarillo Variant 15,Material.016,1,6,17
Variant 16,lm0_Cube.001 Variant 16,Material.035,1,9,11,spikes.001 Variant 16,Material.052,1,8,12,lm0_headphone support.001 Variant 16,Material.035,1,7,14,lm0_Plane.003 Variant 16,Material.035,1,6,17,lm0_straps.001 Variant 16,Material.035,1,3,33,stick Variant 16,No Material,1,2,50,lm0_pendant Variant 16,Material.035,1,1,100,lm0_ear_ring Variant 16,Material.035,1,1,100,ropa empty Variant 16,No Material,1,3,33,lip tat Variant 16,Material.044,1,7,14,violeta Variant 16,Material.011,1,6,17
Variant 17,lm0_Cylinder.006 Variant 17,Material.029,1,9,11,lm0_Cube.005 Variant 17,Material.025,1,8,12,lm0_Cylinder.005 Variant 17,Material.039,1,7,14,lm0_MATLIB_sCUBA Variant 17,Material.002,1,6,17,lm0_straps Variant 17,Material.033,1,3,33,caña Variant 17,Material.042,1,2,50,lm0_pendant Variant 17,Material.034,1,1,100,lm0_ear_ring Variant 17,Material.035,1,1,100,cloth_parent.001 Variant 17,Material.033,1,3,33,lm0_Child_Body.002 Variant 17,Material.044,1,7,14,violeta Variant 17,Material.011,1,6,17
Variant 18,lm0_Cube.003 Variant 18,Material.028,1,9,11,spikes.001 Variant 18,Material.052,1,8,12,empty ear Variant 18,No Material,1,7,14,lm0_MATLIB_sCUBA.002 Variant 18,Material.002,1,6,17,lm0_straps Variant 18,Material.033,1,3,33,caña Variant 18,Material.042,1,2,50,lm0_pendant Variant 18,Material.034,1,1,100,lm0_ear_ring Variant 18,Material.035,1,1,100,cloth_parent Variant 18,Material.033,1,3,33,no tattoo pose2 Variant 18,Material.044,1,7,14,violeta Variant 18,Material.011,1,6,17
Variant 19,rmpty eyes Variant 19,No Material,1,9,11,lm0_Cube.004 Variant 19,Material.050,1,8,12,lm0_Cylinder.002 Variant 19,Material.021,1,7,14,lm0_MATLIB_sCUBA.002 Variant 19,Material.002,1,6,17,lm0_straps Variant 19,Material.033,1,3,33,caña Variant 19,Material.042,1,2,50,lm0_pendant Variant 19,Material.034,1,1,100,lm0_ear_ring Variant 19,Material.035,1,1,100,cloth_parent Variant 19,Material.033,1,3,33,no tattoo pose2 Variant 19,Material.044,1,7,14,verde Variant 19,Material.015,1,6,17
Variant 20,lm0_Plane.002 Variant 20,Material.032,1,9,11,lm0_Cube.004 Variant 20,Material.032,1,8,12,lm0_headphone support Variant 20,Material.032,1,7,14,lm0_Plane.001 Variant 20,Material.032,1,6,17,lm0_straps.001 Variant 20,Material.032,1,3,33,stick Variant 20,No Material,1,2,50,lm0_pendant Variant 20,Material.032,1,1,100,lm0_ear_ring Variant 20,Material.032,1,1,100,ropa empty Variant 20,No Material,1,3,33,no tattoo pose2 Variant 20,Material.044,1,7,14,blanco Variant 20,Material.010,1,6,17
Variant 21,lm0_Cylinder.003 Variant 21,Material.047,1,9,11,lm0_head piece Variant 21,Material.027,1,8,12,lm0_headphone support.002 Variant 21,Material.020,1,7,14,lm0_MATLIB_sCUBA.001 Variant 21,Material.002,1,6,17,lm0_straps.002 Variant 21,Material.053,1,3,33,stick Variant 21,No Material,1,2,50,lm0_pendant Variant 21,Material.034,1,1,100,lm0_ear_ring Variant 21,Material.035,1,1,100,ropa empty Variant 21,No Material,1,3,33,no tattoo Variant 21,Material.044,1,7,14,amarillo Variant 21,Material.016,1,6,17
Variant 22,goggles.001 Variant 22,Material.043,1,9,11,lm0_Cube.004 Variant 22,Material.033,1,8,12,lm0_Cylinder.002 Variant 22,Material.033,1,7,14,lm0_Plane.001 Variant 22,Material.033,1,6,17,lm0_straps Variant 22,Material.033,1,3,33,stick Variant 22,No Material,1,2,50,lm0_pendant Variant 22,Material.033,1,1,100,lm0_ear_ring Variant 22,Material.033,1,1,100,cloth_parent Variant 22,Material.033,1,3,33,lm0_Child_Body.003 Variant 22,Material.033,1,7,14,blanco Variant 22,Material.010,1,6,17
Variant 23,lm0_Cylinder.003 Variant 23,Material.047,1,9,11,spikes Variant 23,Material.027,1,8,12,lm0_headphone support.002 Variant 23,Material.047,1,7,14,lm0_Plane.003 Variant 23,Material.047,1,6,17,lm0_straps.001 Variant 23,Material.047,1,3,33,stick Variant 23,No Material,1,2,50,lm0_pendant Variant 23,Material.047,1,1,100,lm0_ear_ring Variant 23,Material.047,1,1,100,cloth_parent.001 Variant 23,Material.033,1,3,33,lm0_Child_Body.003 Variant 23,Material.047,1,7,14,verde Variant 23,Material.015,1,6,17
Variant 24,goggles Variant 24,Material.003,1,9,11,lm0_Cube.004 Variant 24,Material.050,1,8,12,lm0_Cylinder.005 Variant 24,Material.039,1,7,14,lm0_MATLIB_sCUBA.001 Variant 24,Material.002,1,6,17,lm0_straps Variant 24,Material.033,1,3,33,caña Variant 24,Material.042,1,2,50,lm0_pendant Variant 24,Material.034,1,1,100,lm0_ear_ring Variant 24,Material.035,1,1,100,cloth_parent.001 Variant 24,Material.033,1,3,33,no tattoo Variant 24,Material.044,1,7,14,violeta Variant 24,Material.011,1,6,17
Variant 25,goggles Variant 25,Material.003,1,9,11,spikes.001 Variant 25,Material.052,1,8,12,lm0_headphone support.002 Variant 25,Material.020,1,7,14,empty mouth Variant 25,No Material,1,6,17,lm0_straps Variant 25,Material.020,1,3,33,caña Variant 25,Material.042,1,2,50,lm0_pendant Variant 25,Material.020,1,1,100,lm0_ear_ring Variant 25,Material.020,1,1,100,ropa empty Variant 25,No Material,1,3,33,no tattoo Variant 25,Material.044,1,7,14,amarillo Variant 25,Material.016,1,6,17
Variant 26,lm0_Cylinder.006 Variant 26,Material.029,1,9,11,lm0_head piece Variant 26,Material.027,1,8,12,lm0_headphone support.002 Variant 26,Material.020,1,7,14,lm0_MATLIB_sCUBA.002 Variant 26,Material.002,1,6,17,lm0_straps.001 Variant 26,Material.032,1,3,33,caña Variant 26,Material.042,1,2,50,lm0_pendant Variant 26,Material.034,1,1,100,lm0_ear_ring Variant 26,Material.035,1,1,100,cloth_parent.001 Variant 26,Material.033,1,3,33,lip tat Variant 26,Material.044,1,7,14,negro Variant 26,Material.017,1,6,17
Variant 27,lm0_Plane.002 Variant 27,Material.035,1,9,11,lm0_Cube.002 Variant 27,Material.035,1,8,12,lm0_Cylinder.001 Variant 27,Material.035,1,7,14,empty mouth Variant 27,No Material,1,6,17,lm0_straps.001 Variant 27,Material.035,1,3,33,caña Variant 27,Material.042,1,2,50,lm0_pendant Variant 27,Material.035,1,1,100,lm0_ear_ring Variant 27,Material.035,1,1,100,cloth_parent Variant 27,Material.033,1,3,33,no tattoo pose2 Variant 27,Material.044,1,7,14,violeta Variant 27,Material.011,1,6,17
Variant 28,lm0_Plane.002 Variant 28,Material.031,1,9,11,lm0_Cube.004 Variant 28,Material.050,1,8,12,lm0_Cylinder.002 Variant 28,Material.021,1,7,14,lm0_MATLIB_sCUBA Variant 28,Material.002,1,6,17,lm0_straps Variant 28,Material.033,1,3,33,caña Variant 28,Material.042,1,2,50,lm0_pendant Variant 28,Material.034,1,1,100,lm0_ear_ring Variant 28,Material.035,1,1,100,cloth_parent.001 Variant 28,Material.033,1,3,33,lip tat Variant 28,Material.044,1,7,14,violeta Variant 28,Material.011,1,6,17
Variant 29,lm0_Plane.005 Variant 29,Material.048,1,9,11,spikes Variant 29,Material.027,1,8,12,lm0_Cylinder.002 Variant 29,Material.021,1,7,14,lm0_MATLIB_sCUBA Variant 29,Material.002,1,6,17,lm0_straps.002 Variant 29,Material.053,1,3,33,stick Variant 29,No Material,1,2,50,lm0_pendant Variant 29,Material.034,1,1,100,lm0_ear_ring Variant 29,Material.035,1,1,100,ropa empty Variant 29,No Material,1,3,33,lm0_Child_Body.001 Variant 29,Material.044,1,7,14,azul Variant 29,Material.014,1,6,17
Variant 30,lm0_Cylinder.003 Variant 30,Material.030,1,9,11,lm0_Cube.005 Variant 30,Material.030,1,8,12,lm0_Cylinder.002 Variant 30,Material.030,1,7,14,lm0_Plane.003 Variant 30,Material.030,1,6,17,lm0_straps.001 Variant 30,Material.030,1,3,33,stick Variant 30,No Material,1,2,50,lm0_pendant Variant 30,Material.030,1,1,100,lm0_ear_ring Variant 30,Material.030,1,1,100,ropa empty Variant 30,No Material,1,3,33,lm0_Child_Body.002 Variant 30,Material.030,1,7,14,negro Variant 30,Material.017,1,6,17
Variant 31,lm0_Cylinder.006 Variant 31,Material.029,1,9,11,lm0_head piece Variant 31,Material.027,1,8,12,empty ear Variant 31,No Material,1,7,14,lm0_MATLIB_sCUBA.002 Variant 31,Material.002,1,6,17,lm0_straps Variant 31,Material.033,1,3,33,caña Variant 31,Material.042,1,2,50,lm0_pendant Variant 31,Material.034,1,1,100,lm0_ear_ring Variant 31,Material.035,1,1,100,ropa empty Variant 31,No Material,1,3,33,no tattoo pose2 Variant 31,Material.044,1,7,14,blanco Variant 31,Material.010,1,6,17
Variant 32,lm0_Cylinder.003 Variant 32,Material.038,1,9,11,spikes.001 Variant 32,Material.052,1,8,12,lm0_Cylinder.005 Variant 32,Material.038,1,7,14,lm0_Plane.001 Variant 32,Material.038,1,6,17,lm0_straps.001 Variant 32,Material.038,1,3,33,stick Variant 32,No Material,1,2,50,lm0_pendant Variant 32,Material.038,1,1,100,lm0_ear_ring Variant 32,Material.038,1,1,100,cloth_parent Variant 32,Material.033,1,3,33,lip tat.001 Variant 32,Material.044,1,7,14,blanco Variant 32,Material.010,1,6,17
Variant 33,lm0_Plane.002 Variant 33,Material.031,1,9,11,lm0_Cube.004 Variant 33,Material.050,1,8,12,lm0_Cylinder.002 Variant 33,Material.021,1,7,14,lm0_MATLIB_sCUBA Variant 33,Material.002,1,6,17,lm0_straps.001 Variant 33,Material.032,1,3,33,caña Variant 33,Material.042,1,2,50,lm0_pendant Variant 33,Material.034,1,1,100,lm0_ear_ring Variant 33,Material.035,1,1,100,cloth_parent Variant 33,Material.033,1,3,33,lip tat Variant 33,Material.044,1,7,14,violeta Variant 33,Material.011,1,6,17
Variant 34,lm0_Cube.001 Variant 34,Material.034,1,9,11,lm0_Cube.012 Variant 34,Material.034,1,8,12,empty ear Variant 34,No Material,1,7,14,lm0_Plane.003 Variant 34,Material.034,1,6,17,lm0_straps.002 Variant 34,Material.034,1,3,33,stick Variant 34,No Material,1,2,50,lm0_pendant Variant 34,Material.034,1,1,100,lm0_ear_ring Variant 34,Material.034,1,1,100,cloth_parent.001 Variant 34,Material.033,1,3,33,no tattoo pose2 Variant 34,Material.044,1,7,14,verde Variant 34,Material.015,1,6,17
Variant 35,lm0_Cylinder.003 Variant 35,Material.034,1,9,11,lm0_Cube.005 Variant 35,Material.034,1,8,12,empty ear Variant 35,No Material,1,7,14,empty mouth Variant 35,No Material,1,6,17,lm0_straps Variant 35,Material.034,1,3,33,caña Variant 35,Material.042,1,2,50,lm0_pendant Variant 35,Material.034,1,1,100,lm0_ear_ring Variant 35,Material.034,1,1,100,cloth_parent.001 Variant 35,Material.033,1,3,33,lip tat.001 Variant 35,Material.044,1,7,14,violeta Variant 35,Material.011,1,6,17
Variant 36,rmpty eyes Variant 36,No Material,1,9,11,lm0_Cube.004 Variant 36,Material.050,1,8,12,lm0_Cylinder.002 Variant 36,Material.021,1,7,14,lm0_MATLIB_sCUBA.002 Variant 36,Material.002,1,6,17,lm0_straps.001 Variant 36,Material.032,1,3,33,stick Variant 36,No Material,1,2,50,lm0_pendant Variant 36,Material.034,1,1,100,lm0_ear_ring Variant 36,Material.035,1,1,100,cloth_parent.001 Variant 36,Material.033,1,3,33,no tattoo Variant 36,Material.044,1,7,14,blanco Variant 36,Material.010,1,6,17
Variant 37,lm0_Plane.002 Variant 37,Material.031,1,9,11,empty head Variant 37,No Material,1,8,12,lm0_headphone support.002 Variant 37,Material.020,1,7,14,lm0_MATLIB_sCUBA.002 Variant 37,Material.002,1,6,17,lm0_straps.001 Variant 37,Material.032,1,3,33,caña Variant 37,Material.042,1,2,50,lm0_pendant Variant 37,Material.034,1,1,100,lm0_ear_ring Variant 37,Material.035,1,1,100,cloth_parent.001 Variant 37,Material.033,1,3,33,lm0_Child_Body.001 Variant 37,Material.044,1,7,14,amarillo Variant 37,Material.016,1,6,17
Variant 38,lm0_Plane.002 Variant 38,Material.031,1,9,11,spikes.001 Variant 38,Material.052,1,8,12,lm0_headphone support.002 Variant 38,Material.031,1,7,14,lm0_Plane.001 Variant 38,Material.031,1,6,17,lm0_straps Variant 38,Material.031,1,3,33,caña Variant 38,Material.042,1,2,50,lm0_pendant Variant 38,Material.031,1,1,100,lm0_ear_ring Variant 38,Material.031,1,1,100,cloth_parent Variant 38,Material.033,1,3,33,lm0_Child_Body.001 Variant 38,Material.031,1,7,14,amarillo Variant 38,Material.016,1,6,17
Variant 39,lm0_Cylinder.003 Variant 39,Material.053,1,9,11,lm0_Cube.005 Variant 39,Material.053,1,8,12,lm0_Cylinder.001 Variant 39,Material.053,1,7,14,empty mouth Variant 39,No Material,1,6,17,lm0_straps.002 Variant 39,Material.053,1,3,33,caña Variant 39,Material.042,1,2,50,lm0_pendant Variant 39,Material.053,1,1,100,lm0_ear_ring Variant 39,Material.053,1,1,100,cloth_parent.001 Variant 39,Material.033,1,3,33,lm0_Child_Body.002 Variant 39,Material.053,1,7,14,negro Variant 39,Material.017,1,6,17
Variant 40,lm0_Plane.002 Variant 40,Material.041,1,9,11,lm0_Cube.002 Variant 40,Material.041,1,8,12,lm0_headphone support Variant 40,Material.041,1,7,14,lm0_Plane.001 Variant 40,Material.041,1,6,17,lm0_straps.001 Variant 40,Material.041,1,3,33,caña Variant 40,Material.042,1,2,50,lm0_pendant Variant 40,Material.041,1,1,100,lm0_ear_ring Variant 40,Material.041,1,1,100,cloth_parent Variant 40,Material.033,1,3,33,lip tat.001 Variant 40,Material.044,1,7,14,amarillo Variant 40,Material.016,1,6,17
Variant 41,goggles Variant 41,Material.003,1,9,11,lm0_Cube.005 Variant 41,Material.025,1,8,12,lm0_headphone support.001 Variant 41,Material.019,1,7,14,lm0_MATLIB_sCUBA.002 Variant 41,Material.002,1,6,17,lm0_straps Variant 41,Material.033,1,3,33,stick Variant 41,No Material,1,2,50,lm0_pendant Variant 41,Material.034,1,1,100,lm0_ear_ring Variant 41,Material.035,1,1,100,cloth_parent.001 Variant 41,Material.033,1,3,33,no tattoo Variant 41,Material.044,1,7,14,amarillo Variant 41,Material.016,1,6,17
Variant 42,lm0_Cube.001 Variant 42,Material.051,1,9,11,lm0_Cube.012 Variant 42,Material.051,1,8,12,lm0_Cylinder.002 Variant 42,Material.051,1,7,14,lm0_Plane.003 Variant 42,Material.051,1,6,17,lm0_straps.002 Variant 42,Material.051,1,3,33,caña Variant 42,Material.042,1,2,50,lm0_pendant Variant 42,Material.051,1,1,100,lm0_ear_ring Variant 42,Material.051,1,1,100,cloth_parent Variant 42,Material.033,1,3,33,lip tat.001 Variant 42,Material.044,1,7,14,violeta Variant 42,Material.011,1,6,17
Variant 43,lm0_Plane.002 Variant 43,Material.031,1,9,11,lm0_head piece Variant 43,Material.027,1,8,12,lm0_headphone support.001 Variant 43,Material.019,1,7,14,lm0_MATLIB_sCUBA.002 Variant 43,Material.002,1,6,17,lm0_straps Variant 43,Material.033,1,3,33,caña Variant 43,Material.042,1,2,50,lm0_pendant Variant 43,Material.034,1,1,100,lm0_ear_ring Variant 43,Material.035,1,1,100,cloth_parent.001 Variant 43,Material.033,1,3,33,lm0_Child_Body.003 Variant 43,Material.044,1,7,14,azul Variant 43,Material.014,1,6,17
Variant 44,lm0_Plane.005 Variant 44,Material.048,1,9,11,lm0_Cube.002 Variant 44,Material.048,1,8,12,lm0_headphone support.001 Variant 44,Material.048,1,7,14,empty mouth Variant 44,No Material,1,6,17,lm0_straps Variant 44,Material.048,1,3,33,stick Variant 44,No Material,1,2,50,lm0_pendant Variant 44,Material.048,1,1,100,lm0_ear_ring Variant 44,Material.048,1,1,100,ropa empty Variant 44,No Material,1,3,33,lip tat Variant 44,Material.044,1,7,14,verde Variant 44,Material.015,1,6,17
Variant 45,lm0_Cube.001 Variant 45,Material.034,1,9,11,lm0_head piece Variant 45,Material.034,1,8,12,lm0_headphone support.001 Variant 45,Material.034,1,7,14,empty mouth Variant 45,No Material,1,6,17,lm0_straps Variant 45,Material.034,1,3,33,stick Variant 45,No Material,1,2,50,lm0_pendant Variant 45,Material.034,1,1,100,lm0_ear_ring Variant 45,Material.034,1,1,100,cloth_parent Variant 45,Material.033,1,3,33,lm0_Child_Body.002 Variant 45,Material.034,1,7,14,blanco Variant 45,Material.010,1,6,17
Variant 46,goggles Variant 46,Material.003,1,9,11,spikes.001 Variant 46,Material.052,1,8,12,lm0_headphone support.002 Variant 46,Material.020,1,7,14,empty mouth Variant 46,No Material,1,6,17,lm0_straps.002 Variant 46,Material.020,1,3,33,caña Variant 46,Material.042,1,2,50,lm0_pendant Variant 46,Material.020,1,1,100,lm0_ear_ring Variant 46,Material.020,1,1,100,ropa empty Variant 46,No Material,1,3,33,lm0_Child_Body.002 Variant 46,Material.020,1,7,14,verde Variant 46,Material.015,1,6,17
Variant 47,lm0_Cube.003 Variant 47,Material.028,1,9,11,spikes Variant 47,Material.027,1,8,12,lm0_Cylinder.001 Variant 47,Material.022,1,7,14,lm0_MATLIB_sCUBA.002 Variant 47,Material.002,1,6,17,lm0_straps.001 Variant 47,Material.032,1,3,33,stick Variant 47,No Material,1,2,50,lm0_pendant Variant 47,Material.034,1,1,100,lm0_ear_ring Variant 47,Material.035,1,1,100,cloth_parent.001 Variant 47,Material.033,1,3,33,lm0_Child_Body.003 Variant 47,Material.044,1,7,14,negro Variant 47,Material.017,1,6,17
Variant 48,lm0_Cube.001 Variant 48,Material.053,1,9,11,lm0_Cube.002 Variant 48,Material.053,1,8,12,lm0_Cylinder.002 Variant 48,Material.053,1,7,14,empty mouth Variant 48,No Material,1,6,17,lm0_straps.002 Variant 48,Material.053,1,3,33,stick Variant 48,No Material,1,2,50,lm0_pendant Variant 48,Material.053,1,1,100,lm0_ear_ring Variant 48,Material.053,1,1,100,cloth_parent Variant 48,Material.033,1,3,33,lm0_Child_Body.002 Variant 48,Material.053,1,7,14,negro Variant 48,Material.017,1,6,17
Variant 49,lm0_Plane.005 Variant 49,Material.048,1,9,11,spikes Variant 49,Material.027,1,8,12,lm0_headphone support Variant 49,Material.041,1,7,14,lm0_MATLIB_sCUBA Variant 49,Material.002,1,6,17,lm0_straps.002 Variant 49,Material.053,1,3,33,caña Variant 49,Material.042,1,2,50,lm0_pendant Variant 49,Material.034,1,1,100,lm0_ear_ring Variant 49,Material.035,1,1,100,cloth_parent Variant 49,Material.033,1,3,33,lm0_Child_Body.003 Variant 49,Material.044,1,7,14,verde Variant 49,Material.015,1,6,17
Variant 50,lm0_Cube.001 Variant 50,Material.045,1,9,11,spikes.001 Variant 50,Material.052,1,8,12,lm0_Cylinder.001 Variant 50,Material.022,1,7,14,lm0_MATLIB_sCUBA.002 Variant 50,Material.002,1,6,17,lm0_straps.002 Variant 50,Material.053,1,3,33,caña Variant 50,Material.042,1,2,50,lm0_pendant Variant 50,Material.034,1,1,100,lm0_ear_ring Variant 50,Material.035,1,1,100,ropa empty Variant 50,No Material,1,3,33,no tattoo pose2 Variant 50,Material.044,1,7,14,negro Variant 50,Material.017,1,6,17
